id,title,description,image_link,link,product_type,brand,price,availability,item_group_id,checkout_url,additional_image_link,sale_price_effective_date,sale_price,condition,visibility,gender,color,size,pattern,google_product_category,default_product,variant
8005_21667,"75th Anniversary Face Mask","75th Anniversary Face Mask",https://alconox.local/wp-content/uploads/2021/05/75th-anniversary-revised-mask-mock-up-front.jpg,https://alconox.local/product/75th-anniversary-face-mask,"Merchandise","Alconox Inc.",12USD,in stock,8005_21667,,,1970-01-29T00:00+00:00/1970-01-30T23:59+00:00,12USD,new,published,,,,,,,
8003_21342,"75th Anniversary Notebook & Pen","75th Anniversary Notebook & Pen",https://alconox.local/wp-content/uploads/2021/04/75th-anniversary-notebook-with-pen.jpg,https://alconox.local/product/75th-anniversary-notebook-pen,"Merchandise","Alconox Inc.",6USD,in stock,8003_21342,,,1970-01-29T00:00+00:00/1970-01-30T23:59+00:00,6USD,new,published,,,,,,,
8002_21329,"3 Scoops (39cc each)","3 Scoops (39cc each)",https://alconox.local/wp-content/uploads/2021/04/3-scoops-scaled.jpg,https://alconox.local/product/3-measuring-scoops,"Product Accessories","Alconox Inc.",2USD,in stock,8002_21329,,,1970-01-29T00:00+00:00/1970-01-30T23:59+00:00,2USD,new,published,,,,,,,
8001_21324,"Metered 1oz Pump Dispenser","Metered 1oz Pump Dispenser",https://alconox.local/wp-content/uploads/2021/04/Pump-only-left-view-scaled.jpg,https://alconox.local/product/pump-dispenser,"Product Accessories","Alconox Inc.",4.5USD,in stock,8001_21324,,,1970-01-29T00:00+00:00/1970-01-30T23:59+00:00,4.5USD,new,published,,,,,,,
2533_21112,"3 Vent Caps & 3 Silver Gloves","3 Vent Caps & 3 Silver Gloves",https://alconox.local/wp-content/uploads/2021/02/gloves-vent.jpg,https://alconox.local/product/3-vent-caps-3-silver-gloves,"Product Accessories","Alconox Inc.",176USD,in stock,2533_21112,,,1970-01-29T00:00+00:00/1970-01-30T23:59+00:00,176USD,new,published,,,,,,,
2513_21110,"3 Vent Caps","3 Vent Caps",https://alconox.local/wp-content/uploads/2021/02/Vent_Cap_image.png,https://alconox.local/product/vent-cap,"Product Accessories","Alconox Inc.",97USD,in stock,2513_21110,,,1970-01-29T00:00+00:00/1970-01-30T23:59+00:00,97USD,new,published,,,,,,,
2521_21108,"Silver Gloves","Silver Gloves",https://alconox.local/wp-content/uploads/2021/02/Silver_gloves_image.png,https://alconox.local/product/silver-gloves,"Product Accessories","Alconox Inc.",30USD,in stock,2521_21108,,,1970-01-29T00:00+00:00/1970-01-30T23:59+00:00,30USD,new,published,,,,,,,
8004-S_21359,"75th Anniversary T-Shirt","T-Shirt Sizes: Small",https://alconox.local/wp-content/uploads/2021/04/gray-t-shirt.jpg,https://alconox.local/product/75th-anniversary-t-shirt?attribute_pa_t-shirt-sizes=small,"Merchandise","Alconox Inc.",18USD,in stock,wc_post_id_21344,,,1970-01-29T00:00+00:00/1970-01-30T23:59+00:00,18USD,new,published,,,,,,,
8004-M_21353,"75th Anniversary T-Shirt","T-Shirt Sizes: Medium",https://alconox.local/wp-content/uploads/2021/04/gray-t-shirt.jpg,https://alconox.local/product/75th-anniversary-t-shirt?attribute_pa_t-shirt-sizes=medium,"Merchandise","Alconox Inc.",18USD,in stock,wc_post_id_21344,,,1970-01-29T00:00+00:00/1970-01-30T23:59+00:00,18USD,new,published,,,,,,,
8004-L_21352,"75th Anniversary T-Shirt","T-Shirt Sizes: Large",https://alconox.local/wp-content/uploads/2021/04/gray-t-shirt.jpg,https://alconox.local/product/75th-anniversary-t-shirt?attribute_pa_t-shirt-sizes=large,"Merchandise","Alconox Inc.",18USD,in stock,wc_post_id_21344,,,1970-01-29T00:00+00:00/1970-01-30T23:59+00:00,18USD,new,published,,,,,,,
90101_20819,"Ledizolv","out of stock",https://alconox.local/wp-content/uploads/2020/12/Ledizolv-1-Gal-white-background-scaled.jpg,https://alconox.local/product/ledizolv?attribute_pa_size=1-gallon-3-8l,"All, Detergents","Alconox Inc.",114.6USD,out of stock,wc_post_id_20801,,,1970-01-29T00:00+00:00/1970-01-30T23:59+00:00,114.6USD,new,published,,,,,,,
90104_20818,"Ledizolv","out of stock",https://alconox.local/wp-content/uploads/2020/12/Ledizolv-1-Gal-white-background-scaled.jpg,https://alconox.local/product/ledizolv?attribute_pa_size=case-of-4-x-1-gallon-4x3-8l,"All, Detergents","Alconox Inc.",382USD,out of stock,wc_post_id_20801,,,1970-01-29T00:00+00:00/1970-01-30T23:59+00:00,382USD,new,published,,,,,,,
95501_20808,"Ledizolv","out of stock",https://alconox.local/wp-content/uploads/2020/12/Ledizolv-1-Gal-white-background-scaled.jpg,https://alconox.local/product/ledizolv?attribute_pa_size=55-gallon-drum-208l,"All, Detergents","Alconox Inc.",4476USD,out of stock,wc_post_id_20801,,,1970-01-29T00:00+00:00/1970-01-30T23:59+00:00,4476USD,new,published,,,,,,,
91501_20807,"Ledizolv","out of stock",https://alconox.local/wp-content/uploads/2020/12/Ledizolv-1-Gal-white-background-scaled.jpg,https://alconox.local/product/ledizolv?attribute_pa_size=15-gallon-drum-57l,"All, Detergents","Alconox Inc.",1249USD,out of stock,wc_post_id_20801,,,1970-01-29T00:00+00:00/1970-01-30T23:59+00:00,1249USD,new,published,,,,,,,
90501_20806,"Ledizolv","out of stock",https://alconox.local/wp-content/uploads/2020/12/Ledizolv-1-Gal-white-background-scaled.jpg,https://alconox.local/product/ledizolv?attribute_pa_size=5-gallon-jerrycan-19l,"All, Detergents","Alconox Inc.",454USD,out of stock,wc_post_id_20801,,,1970-01-29T00:00+00:00/1970-01-30T23:59+00:00,454USD,new,published,,,,,,,
90216_20803,"Ledizolv","out of stock",https://alconox.local/wp-content/uploads/2020/12/Ledizolv-1-Gal-white-background-scaled.jpg,https://alconox.local/product/ledizolv?attribute_pa_size=25x16oz-25x0-47l,"All, Detergents","Alconox Inc.",454USD,out of stock,wc_post_id_20801,,,1970-01-29T00:00+00:00/1970-01-30T23:59+00:00,454USD,new,published,,,,,,,
90116_20802,"Ledizolv","Size: 16 oz (0.47L)",https://alconox.local/wp-content/uploads/2020/12/Ledizolv-1-Gal-white-background-scaled.jpg,https://alconox.local/product/ledizolv?attribute_pa_size=16-oz-0-47l,"All, Detergents","Alconox Inc.",21.8USD,in stock,wc_post_id_20801,,,1970-01-29T00:00+00:00/1970-01-30T23:59+00:00,21.8USD,new,published,,,,,,,
1915_19943,"Luminox","Size: 15 Gallon drum (57L)",https://alconox.local/wp-content/uploads/2020/01/Luminox-White-Back-scaled.jpg,https://alconox.local/product/luminox?attribute_pa_size=15-gallon-drum-57l,"All, Detergents","Alconox Inc.",1016USD,out of stock,wc_post_id_17459,,,1970-01-29T00:00+00:00/1970-01-30T23:59+00:00,1016USD,new,published,,,,,,,
1955_19942,"Luminox","Size: 55 Gallon drum (208L)",https://alconox.local/wp-content/uploads/2020/01/Luminox-White-Back-scaled.jpg,https://alconox.local/product/luminox?attribute_pa_size=55-gallon-drum-208l,"All, Detergents","Alconox Inc.",3291USD,out of stock,wc_post_id_17459,,,1970-01-29T00:00+00:00/1970-01-30T23:59+00:00,3291USD,new,published,,,,,,,
1901_19941,"Luminox","Size: Case of 4 X 1 Gallon (4×3.8L)",https://alconox.local/wp-content/uploads/2020/01/Luminox-White-Back-scaled.jpg,https://alconox.local/product/luminox?attribute_pa_size=case-of-4-x-1-gallon-4x3-8l,"All, Detergents","Alconox Inc.",336USD,in stock,wc_post_id_17459,,,1970-01-29T00:00+00:00/1970-01-30T23:59+00:00,336USD,new,published,,,,,,,
2512_19810,"Alnochromix","Size: Case of 12 X 10 Pack",https://alconox.local/wp-content/uploads/2020/07/ALN-both-side-pouch.jpg,https://alconox.local/product/alnochromix?attribute_pa_size=case-of-12x10-pack,"All, Detergents","Alconox Inc.",1795USD,in stock,wc_post_id_19804,,,1970-01-29T00:00+00:00/1970-01-30T23:59+00:00,1795USD,new,published,,,,,,,
2540_19809,"Alnochromix","Size: Case of 4 x 10 Pack",https://alconox.local/wp-content/uploads/2020/07/ALN-both-side-pouch.jpg,https://alconox.local/product/alnochromix?attribute_pa_size=case-of-4x10-pack,"All, Detergents","Alconox Inc.",631USD,in stock,wc_post_id_19804,,,1970-01-29T00:00+00:00/1970-01-30T23:59+00:00,631USD,new,published,,,,,,,
2510_19808,"Alnochromix","Size: 10 Pack",https://alconox.local/wp-content/uploads/2020/07/ALN-both-side-pouch.jpg,https://alconox.local/product/alnochromix?attribute_pa_size=10-pack,"All, Detergents","Alconox Inc.",166USD,in stock,wc_post_id_19804,,,1970-01-29T00:00+00:00/1970-01-30T23:59+00:00,166USD,new,published,,,,,,,
1404_18037,"Alcojet","Size: Case of 9×4 lb box (9X1.8Kg)",https://alconox.local/wp-content/uploads/2020/01/Alcojet-quarter-view-lightback-scaled.jpg,https://alconox.local/product/alcojet?attribute_pa_size=case-of-9x4-lb-box-9x1-8kg,"All, Detergents","Alconox Inc.",318USD,in stock,wc_post_id_17456,,,1970-01-29T00:00+00:00/1970-01-30T23:59+00:00,318USD,new,published,,,,,,,
1801_17905,"Citranox","Size: Case of 4 X 1 Gallon (4×3.8L)",https://alconox.local/wp-content/uploads/2020/03/Citranox-White-Back-scaled.jpg,https://alconox.local/product/citranox?attribute_pa_size=case-of-4-x-1-gallon-4x3-8l,"All, Detergents","Alconox Inc.",248USD,in stock,wc_post_id_17893,,,1970-01-29T00:00+00:00/1970-01-30T23:59+00:00,248USD,new,published,,,,,,,
1832_17904,"Citranox","Size: Case of 12×1 Quart (12×0.95L)",https://alconox.local/wp-content/uploads/2020/03/Citranox-White-Back-scaled.jpg,https://alconox.local/product/citranox?attribute_pa_size=case-of-12x1-quart-12x0-95l,"All, Detergents","Alconox Inc.",235USD,in stock,wc_post_id_17893,,,1970-01-29T00:00+00:00/1970-01-30T23:59+00:00,235USD,new,published,,,,,,,
1855_17903,"Citranox","Size: 55 Gallon drum (208L)",https://alconox.local/wp-content/uploads/2020/03/Citranox-White-Back-scaled.jpg,https://alconox.local/product/citranox?attribute_pa_size=55-gallon-drum-208l,"All, Detergents","Alconox Inc.",2833USD,out of stock,wc_post_id_17893,,,1970-01-29T00:00+00:00/1970-01-30T23:59+00:00,2833USD,new,published,,,,,,,
1815_17902,"Citranox","Size: 15 Gallon drum (57L)",https://alconox.local/wp-content/uploads/2020/03/Citranox-White-Back-scaled.jpg,https://alconox.local/product/citranox?attribute_pa_size=15-gallon-drum-57l,"All, Detergents","Alconox Inc.",881USD,out of stock,wc_post_id_17893,,,1970-01-29T00:00+00:00/1970-01-30T23:59+00:00,881USD,new,published,,,,,,,
1832-1_17901,"Citranox","Size: 1 Quart (0.95L)",https://alconox.local/wp-content/uploads/2020/03/Citranox-White-Back-scaled.jpg,https://alconox.local/product/citranox?attribute_pa_size=1-quart-0-95l,"All, Detergents","Alconox Inc.",23.5USD,in stock,wc_post_id_17893,,,1970-01-29T00:00+00:00/1970-01-30T23:59+00:00,23.5USD,new,published,,,,,,,
1801-1_17900,"Citranox","Size: 1 Gallon (3.8L)",https://alconox.local/wp-content/uploads/2020/03/Citranox-White-Back-scaled.jpg,https://alconox.local/product/citranox?attribute_pa_size=1-gallon-3-8l,"All, Detergents","Alconox Inc.",74.4USD,in stock,wc_post_id_17893,,,1970-01-29T00:00+00:00/1970-01-30T23:59+00:00,74.4USD,new,published,,,,,,,
1805_17906,"Citranox","Size: 5 Gallon Jerrycan (19L)",https://alconox.local/wp-content/uploads/2020/03/Citranox-White-Back-scaled.jpg,https://alconox.local/product/citranox?attribute_pa_size=5-gallon-jerrycan-19l,"All, Detergents","Alconox Inc.",305USD,in stock,wc_post_id_17893,,,1970-01-29T00:00+00:00/1970-01-30T23:59+00:00,305USD,new,published,,,,,,,
1304-1_17794,"Tergazyme","Size: 4 lb box (1.8Kg)",https://alconox.local/wp-content/uploads/2020/01/Tergazyme-quarter-view-lightback-scaled.jpg,https://alconox.local/product/tergazyme?attribute_pa_size=4-lb-box-1-8kg,"All, Detergents","Alconox Inc.",51.5USD,in stock,wc_post_id_17453,,,1970-01-29T00:00+00:00/1970-01-30T23:59+00:00,51.5USD,new,published,,,,,,,
1304_17793,"Tergazyme","Size: Case of 9×4 lb box (9X1.8Kg)",https://alconox.local/wp-content/uploads/2020/01/Tergazyme-quarter-view-lightback-scaled.jpg,https://alconox.local/product/tergazyme?attribute_pa_size=case-of-9x4-lb-box-9x1-8kg,"All, Detergents","Alconox Inc.",386USD,in stock,wc_post_id_17453,,,1970-01-29T00:00+00:00/1970-01-30T23:59+00:00,386USD,new,published,,,,,,,
1325_17792,"Tergazyme","Size: 25 lb box (11Kg)",https://alconox.local/wp-content/uploads/2020/01/Tergazyme-quarter-view-lightback-scaled.jpg,https://alconox.local/product/tergazyme?attribute_pa_size=25-lb-box-11kg,"All, Detergents","Alconox Inc.",242USD,in stock,wc_post_id_17453,,,1970-01-29T00:00+00:00/1970-01-30T23:59+00:00,242USD,new,published,,,,,,,
1350_17791,"Tergazyme","Size: 50 lb box (22.5Kg)",https://alconox.local/wp-content/uploads/2020/01/Tergazyme-quarter-view-lightback-scaled.jpg,https://alconox.local/product/tergazyme?attribute_pa_size=50-lb-box-22-5kg,"All, Detergents","Alconox Inc.",455USD,in stock,wc_post_id_17453,,,1970-01-29T00:00+00:00/1970-01-30T23:59+00:00,455USD,new,published,,,,,,,
1301_17790,"Tergazyme","Size: 100 lb drum (45Kg)",https://alconox.local/wp-content/uploads/2020/01/Tergazyme-quarter-view-lightback-scaled.jpg,https://alconox.local/product/tergazyme?attribute_pa_size=100-lb-drum-45kg,"All, Detergents","Alconox Inc.",832USD,in stock,wc_post_id_17453,,,1970-01-29T00:00+00:00/1970-01-30T23:59+00:00,832USD,new,published,,,,,,,
1303_17789,"Tergazyme","Size: 300 lb drum (136Kg)",https://alconox.local/wp-content/uploads/2020/01/Tergazyme-quarter-view-lightback-scaled.jpg,https://alconox.local/product/tergazyme?attribute_pa_size=300-lb-drum-136kg,"All, Detergents","Alconox Inc.",2167USD,out of stock,wc_post_id_17453,,,1970-01-29T00:00+00:00/1970-01-30T23:59+00:00,2167USD,new,published,,,,,,,
2204-1_17787,"Tergajet","Size: 4 lb box (1.8Kg)",https://alconox.local/wp-content/uploads/2020/02/Tergajet-quarter-view-lightback-scaled.jpg,https://alconox.local/product/tergajet?attribute_pa_size=4-lb-box-1-8kg,"All, Detergents","Alconox Inc.",46.5USD,in stock,wc_post_id_17760,,,1970-01-29T00:00+00:00/1970-01-30T23:59+00:00,46.5USD,new,published,,,,,,,
2204_17786,"Tergajet","Size: Case of 9×4 lb box (9X1.8Kg)",https://alconox.local/wp-content/uploads/2020/02/Tergajet-quarter-view-lightback-scaled.jpg,https://alconox.local/product/tergajet?attribute_pa_size=case-of-9x4-lb-box-9x1-8kg,"All, Detergents","Alconox Inc.",349USD,in stock,wc_post_id_17760,,,1970-01-29T00:00+00:00/1970-01-30T23:59+00:00,349USD,new,published,,,,,,,
2225_17785,"Tergajet","Size: 25 lb box (11Kg)",https://alconox.local/wp-content/uploads/2020/02/Tergajet-quarter-view-lightback-scaled.jpg,https://alconox.local/product/tergajet?attribute_pa_size=25-lb-box-11kg,"All, Detergents","Alconox Inc.",226USD,in stock,wc_post_id_17760,,,1970-01-29T00:00+00:00/1970-01-30T23:59+00:00,226USD,new,published,,,,,,,
2250_17784,"Tergajet","Size: 50 lb box (22.5Kg)",https://alconox.local/wp-content/uploads/2020/02/Tergajet-quarter-view-lightback-scaled.jpg,https://alconox.local/product/tergajet?attribute_pa_size=50-lb-box-22-5kg,"All, Detergents","Alconox Inc.",416USD,in stock,wc_post_id_17760,,,1970-01-29T00:00+00:00/1970-01-30T23:59+00:00,416USD,new,published,,,,,,,
2201_17783,"Tergajet","Size: 100 lb drum (45Kg)",https://alconox.local/wp-content/uploads/2020/02/Tergajet-quarter-view-lightback-scaled.jpg,https://alconox.local/product/tergajet?attribute_pa_size=100-lb-drum-45kg,"All, Detergents","Alconox Inc.",756USD,in stock,wc_post_id_17760,,,1970-01-29T00:00+00:00/1970-01-30T23:59+00:00,756USD,new,published,,,,,,,
2203_17782,"Tergajet","Size: 300 lb drum (136Kg)",https://alconox.local/wp-content/uploads/2020/02/Tergajet-quarter-view-lightback-scaled.jpg,https://alconox.local/product/tergajet?attribute_pa_size=300-lb-drum-136kg,"All, Detergents","Alconox Inc.",2022USD,out of stock,wc_post_id_17760,,,1970-01-29T00:00+00:00/1970-01-30T23:59+00:00,2022USD,new,published,,,,,,,
2101-1_17778,"Solujet","Size: 1 Gallon (3.8L)",https://alconox.local/wp-content/uploads/2020/01/Solujet-White-Back-scaled.jpg,https://alconox.local/product/solujet?attribute_pa_size=1-gallon-3-8l,"All, Detergents","Alconox Inc.",67.2USD,in stock,wc_post_id_17443,,,1970-01-29T00:00+00:00/1970-01-30T23:59+00:00,67.2USD,new,published,,,,,,,
2101_17777,"Solujet","Size: Case of 4 X 1 Gallon (4×3.8L)",https://alconox.local/wp-content/uploads/2020/01/Solujet-White-Back-scaled.jpg,https://alconox.local/product/solujet?attribute_pa_size=case-of-4-x-1-gallon-4x3-8l,"All, Detergents","Alconox Inc.",224USD,in stock,wc_post_id_17443,,,1970-01-29T00:00+00:00/1970-01-30T23:59+00:00,224USD,new,published,,,,,,,
2105_17776,"Solujet","Size: 5 Gallon Jerrycan (19L) Air OK",https://alconox.local/wp-content/uploads/2020/01/Solujet-White-Back-scaled.jpg,https://alconox.local/product/solujet?attribute_pa_size=5-gallon-jerrycan-19l-air-ok,"All, Detergents","Alconox Inc.",272USD,in stock,wc_post_id_17443,,,1970-01-29T00:00+00:00/1970-01-30T23:59+00:00,272USD,new,published,,,,,,,
2115_17775,"Solujet","Size: 15 Gallon drum (57L)",https://alconox.local/wp-content/uploads/2020/01/Solujet-White-Back-scaled.jpg,https://alconox.local/product/solujet?attribute_pa_size=15-gallon-drum-57l,"All, Detergents","Alconox Inc.",766USD,out of stock,wc_post_id_17443,,,1970-01-29T00:00+00:00/1970-01-30T23:59+00:00,766USD,new,published,,,,,,,
2130_17774,"Solujet","Size: 30 Gallon drum (114L)",https://alconox.local/wp-content/uploads/2020/01/Solujet-White-Back-scaled.jpg,https://alconox.local/product/solujet?attribute_pa_size=30-gallon-drum-114l,"All, Detergents","Alconox Inc.",1388USD,out of stock,wc_post_id_17443,,,1970-01-29T00:00+00:00/1970-01-30T23:59+00:00,1388USD,new,published,,,,,,,
2155_17773,"Solujet","Size: 55 Gallon drum (208L)",https://alconox.local/wp-content/uploads/2020/01/Solujet-White-Back-scaled.jpg,https://alconox.local/product/solujet?attribute_pa_size=55-gallon-drum-208l,"All, Detergents","Alconox Inc.",2398USD,out of stock,wc_post_id_17443,,,1970-01-29T00:00+00:00/1970-01-30T23:59+00:00,2398USD,new,published,,,,,,,
1901-1_17769,"Luminox","Size: 1 Gallon (3.8L)",https://alconox.local/wp-content/uploads/2020/01/Luminox-White-Back-scaled.jpg,https://alconox.local/product/luminox?attribute_pa_size=1-gallon-3-8l,"All, Detergents","Alconox Inc.",100.8USD,in stock,wc_post_id_17459,,,1970-01-29T00:00+00:00/1970-01-30T23:59+00:00,100.8USD,new,published,,,,,,,
1905_17767,"Luminox","Size: 5 Gallon Jerrycan (19L)",https://alconox.local/wp-content/uploads/2020/01/Luminox-White-Back-scaled.jpg,https://alconox.local/product/luminox?attribute_pa_size=5-gallon-jerrycan-19l,"All, Detergents","Alconox Inc.",422USD,in stock,wc_post_id_17459,,,1970-01-29T00:00+00:00/1970-01-30T23:59+00:00,422USD,new,published,,,,,,,
1201-1_17754,"Liquinox","Size: 1 Gallon (3.8L)",https://alconox.local/wp-content/uploads/2020/01/Liquinox-White-Back-scaled.jpg,https://alconox.local/product/liquinox?attribute_pa_size=1-gallon-3-8l,"All, Detergents","Alconox Inc.",83.7USD,in stock,wc_post_id_17336,,,1970-01-29T00:00+00:00/1970-01-30T23:59+00:00,83.7USD,new,published,,,,,,,
1232-1_17753,"Liquinox","Size: 1 Quart (0.95L)",https://alconox.local/wp-content/uploads/2020/01/Liquinox-White-Back-scaled.jpg,https://alconox.local/product/liquinox?attribute_pa_size=1-quart-0-95l,"All, Detergents","Alconox Inc.",24.9USD,in stock,wc_post_id_17336,,,1970-01-29T00:00+00:00/1970-01-30T23:59+00:00,24.9USD,new,published,,,,,,,
1215_17752,"Liquinox","Size: 15 Gallon drum (57L)",https://alconox.local/wp-content/uploads/2020/01/Liquinox-White-Back-scaled.jpg,https://alconox.local/product/liquinox?attribute_pa_size=15-gallon-drum-57l,"All, Detergents","Alconox Inc.",820USD,out of stock,wc_post_id_17336,,,1970-01-29T00:00+00:00/1970-01-30T23:59+00:00,820USD,new,published,,,,,,,
1205_17751,"Liquinox","Size: 5 Gallon Jerrycan (19L)",https://alconox.local/wp-content/uploads/2020/01/Liquinox-White-Back-scaled.jpg,https://alconox.local/product/liquinox?attribute_pa_size=5-gallon-jerrycan-19l,"All, Detergents","Alconox Inc.",307USD,in stock,wc_post_id_17336,,,1970-01-29T00:00+00:00/1970-01-30T23:59+00:00,307USD,new,published,,,,,,,
1255_17750,"Liquinox","Size: 55 Gallon drum (208L)",https://alconox.local/wp-content/uploads/2020/01/Liquinox-White-Back-scaled.jpg,https://alconox.local/product/liquinox?attribute_pa_size=55-gallon-drum-208l,"All, Detergents","Alconox Inc.",2616USD,out of stock,wc_post_id_17336,,,1970-01-29T00:00+00:00/1970-01-30T23:59+00:00,2616USD,new,published,,,,,,,
1232_17749,"Liquinox","Size: Case of 12×1 Quart (12×0.95L)",https://alconox.local/wp-content/uploads/2020/01/Liquinox-White-Back-scaled.jpg,https://alconox.local/product/liquinox?attribute_pa_size=case-of-12x1-quart-12x0-95l,"All, Detergents","Alconox Inc.",249USD,in stock,wc_post_id_17336,,,1970-01-29T00:00+00:00/1970-01-30T23:59+00:00,249USD,new,published,,,,,,,
1201_17748,"Liquinox","Size: Case of 4 X 1 Gallon (4×3.8L)",https://alconox.local/wp-content/uploads/2020/01/Liquinox-White-Back-scaled.jpg,https://alconox.local/product/liquinox?attribute_pa_size=case-of-4-x-1-gallon-4x3-8l,"All, Detergents","Alconox Inc.",279USD,in stock,wc_post_id_17336,,,1970-01-29T00:00+00:00/1970-01-30T23:59+00:00,279USD,new,published,,,,,,,
2405_17743,"Keylajet","Size: 5 Gallon Jerrycan (19L) Air OK",https://alconox.local/wp-content/uploads/2020/01/Keylajet-quarter-view-white-back-scaled.jpg,https://alconox.local/product/keylajet?attribute_pa_size=5-gallon-jerrycan-19l-air-ok,"All, Detergents","Alconox Inc.",282USD,in stock,wc_post_id_17444,,,1970-01-29T00:00+00:00/1970-01-30T23:59+00:00,282USD,new,published,,,,,,,
2415_17742,"Keylajet","Size: 15 Gallon drum (57L)",https://alconox.local/wp-content/uploads/2020/01/Keylajet-quarter-view-white-back-scaled.jpg,https://alconox.local/product/keylajet?attribute_pa_size=15-gallon-drum-57l,"All, Detergents","Alconox Inc.",755USD,out of stock,wc_post_id_17444,,,1970-01-29T00:00+00:00/1970-01-30T23:59+00:00,755USD,new,published,,,,,,,
2455_17741,"Keylajet","Size: 55 Gallon drum (208L)",https://alconox.local/wp-content/uploads/2020/01/Keylajet-quarter-view-white-back-scaled.jpg,https://alconox.local/product/keylajet?attribute_pa_size=55-gallon-drum-208l,"All, Detergents","Alconox Inc.",2556USD,out of stock,wc_post_id_17444,,,1970-01-29T00:00+00:00/1970-01-30T23:59+00:00,2556USD,new,published,,,,,,,
24265_17740,"Keylajet","Size: 265 gallon tote (1003 L)",https://alconox.local/wp-content/uploads/2020/01/Keylajet-quarter-view-white-back-scaled.jpg,https://alconox.local/product/keylajet?attribute_pa_size=265-gallon-tote-1003l,"All, Detergents","Alconox Inc.",10351USD,out of stock,wc_post_id_17444,,,1970-01-29T00:00+00:00/1970-01-30T23:59+00:00,10351USD,new,published,,,,,,,
2355_17736,"Detonox","Size: 55 Gallon drum (208L)",https://alconox.local/wp-content/uploads/2020/01/Detonox-White-Back-scaled.jpg,https://alconox.local/product/detonox?attribute_pa_size=55-gallon-drum-208l,"All, Detergents","Alconox Inc.",3078USD,out of stock,wc_post_id_17441,,,1970-01-29T00:00+00:00/1970-01-30T23:59+00:00,3078USD,new,published,,,,,,,
2301_17735,"Detonox","Size: Case of 4 X 1 Gallon (4×3.8L)",https://alconox.local/wp-content/uploads/2020/01/Detonox-White-Back-scaled.jpg,https://alconox.local/product/detonox?attribute_pa_size=case-of-4-x-1-gallon-4x3-8l,"All, Detergents","Alconox Inc.",317USD,in stock,wc_post_id_17441,,,1970-01-29T00:00+00:00/1970-01-30T23:59+00:00,317USD,new,published,,,,,,,
2305_17734,"Detonox","Size: 5 Gallon Jerrycan (19L)",https://alconox.local/wp-content/uploads/2020/01/Detonox-White-Back-scaled.jpg,https://alconox.local/product/detonox?attribute_pa_size=5-gallon-jerrycan-19l,"All, Detergents","Alconox Inc.",349USD,in stock,wc_post_id_17441,,,1970-01-29T00:00+00:00/1970-01-30T23:59+00:00,349USD,new,published,,,,,,,
2301-1_17733,"Detonox","Size: 1 Gallon (3.8L)",https://alconox.local/wp-content/uploads/2020/01/Detonox-White-Back-scaled.jpg,https://alconox.local/product/detonox?attribute_pa_size=1-gallon-3-8l,"All, Detergents","Alconox Inc.",95.1USD,in stock,wc_post_id_17441,,,1970-01-29T00:00+00:00/1970-01-30T23:59+00:00,95.1USD,new,published,,,,,,,
1605_17728,"Detojet","Size: 5 Gallon Jerrycan (19L) Air OK",https://alconox.local/wp-content/uploads/2020/01/Detojet-White-Back-scaled.jpg,https://alconox.local/product/detojet?attribute_pa_size=5-gallon-jerrycan-19l-air-ok,"All, Detergents","Alconox Inc.",266USD,in stock,wc_post_id_17462,,,1970-01-29T00:00+00:00/1970-01-30T23:59+00:00,266USD,new,published,,,,,,,
1630_17727,"Detojet","Size: 30 Gallon drum (114L)",https://alconox.local/wp-content/uploads/2020/01/Detojet-White-Back-scaled.jpg,https://alconox.local/product/detojet?attribute_pa_size=30-gallon-drum-114l,"All, Detergents","Alconox Inc.",1300USD,out of stock,wc_post_id_17462,,,1970-01-29T00:00+00:00/1970-01-30T23:59+00:00,1300USD,new,published,,,,,,,
1615_17726,"Detojet","Size: 15 Gallon drum (57L)",https://alconox.local/wp-content/uploads/2020/01/Detojet-White-Back-scaled.jpg,https://alconox.local/product/detojet?attribute_pa_size=15-gallon-drum-57l,"All, Detergents","Alconox Inc.",735USD,out of stock,wc_post_id_17462,,,1970-01-29T00:00+00:00/1970-01-30T23:59+00:00,735USD,new,published,,,,,,,
1655_17725,"Detojet","Size: 55 Gallon drum (208L)",https://alconox.local/wp-content/uploads/2020/01/Detojet-White-Back-scaled.jpg,https://alconox.local/product/detojet?attribute_pa_size=55-gallon-drum-208l,"All, Detergents","Alconox Inc.",2147USD,out of stock,wc_post_id_17462,,,1970-01-29T00:00+00:00/1970-01-30T23:59+00:00,2147USD,new,published,,,,,,,
1601_17724,"Detojet","Size: Case of 4 X 1 Gallon (4×3.8L)",https://alconox.local/wp-content/uploads/2020/01/Detojet-White-Back-scaled.jpg,https://alconox.local/product/detojet?attribute_pa_size=case-of-4-x-1-gallon-4x3-8l,"All, Detergents","Alconox Inc.",220USD,in stock,wc_post_id_17462,,,1970-01-29T00:00+00:00/1970-01-30T23:59+00:00,220USD,new,published,,,,,,,
1632_17723,"Detojet","Size: Case of 12×1 Quart (12×0.95L)",https://alconox.local/wp-content/uploads/2020/01/Detojet-White-Back-scaled.jpg,https://alconox.local/product/detojet?attribute_pa_size=case-of-12x1-quart-12x0-95l,"All, Detergents","Alconox Inc.",198USD,in stock,wc_post_id_17462,,,1970-01-29T00:00+00:00/1970-01-30T23:59+00:00,198USD,new,published,,,,,,,
1632-1_17722,"Detojet","Size: 1 Quart (0.95L)",https://alconox.local/wp-content/uploads/2020/01/Detojet-White-Back-scaled.jpg,https://alconox.local/product/detojet?attribute_pa_size=1-quart-0-95l,"All, Detergents","Alconox Inc.",19.8USD,in stock,wc_post_id_17462,,,1970-01-29T00:00+00:00/1970-01-30T23:59+00:00,19.8USD,new,published,,,,,,,
1601-1_17721,"Detojet","Size: 1 Gallon (3.8L)",https://alconox.local/wp-content/uploads/2020/01/Detojet-White-Back-scaled.jpg,https://alconox.local/product/detojet?attribute_pa_size=1-gallon-3-8l,"All, Detergents","Alconox Inc.",66USD,in stock,wc_post_id_17462,,,1970-01-29T00:00+00:00/1970-01-30T23:59+00:00,66USD,new,published,,,,,,,
1755_17715,"Detergent 8","Size: 55 Gallon drum (208L)",https://alconox.local/wp-content/uploads/2020/01/Detergent-8-White-Back-scaled.jpg,https://alconox.local/product/detergent-8?attribute_pa_size=55-gallon-drum-208l,"All, Detergents","Alconox Inc.",4488USD,out of stock,wc_post_id_17464,,,1970-01-29T00:00+00:00/1970-01-30T23:59+00:00,4488USD,new,published,,,,,,,
1701_17714,"Detergent 8","Size: Case of 4 X 1 Gallon (4×3.8L)",https://alconox.local/wp-content/uploads/2020/01/Detergent-8-White-Back-scaled.jpg,https://alconox.local/product/detergent-8?attribute_pa_size=case-of-4-x-1-gallon-4x3-8l,"All, Detergents","Alconox Inc.",462USD,in stock,wc_post_id_17464,,,1970-01-29T00:00+00:00/1970-01-30T23:59+00:00,462USD,new,published,,,,,,,
1705_17713,"Detergent 8","Size: 5 Gallon Jerrycan (19L) Air OK",https://alconox.local/wp-content/uploads/2020/01/Detergent-8-White-Back-scaled.jpg,https://alconox.local/product/detergent-8?attribute_pa_size=5-gallon-jerrycan-19l-air-ok,"All, Detergents","Alconox Inc.",593USD,in stock,wc_post_id_17464,,,1970-01-29T00:00+00:00/1970-01-30T23:59+00:00,593USD,new,published,,,,,,,
1715_17712,"Detergent 8","Size: 15 Gallon drum (57L)",https://alconox.local/wp-content/uploads/2020/01/Detergent-8-White-Back-scaled.jpg,https://alconox.local/product/detergent-8?attribute_pa_size=15-gallon-drum-57l,"All, Detergents","Alconox Inc.",1407USD,out of stock,wc_post_id_17464,,,1970-01-29T00:00+00:00/1970-01-30T23:59+00:00,1407USD,new,published,,,,,,,
1701-1_17711,"Detergent 8","Size: 1 Gallon (3.8L)",https://alconox.local/wp-content/uploads/2020/01/Detergent-8-White-Back-scaled.jpg,https://alconox.local/product/detergent-8?attribute_pa_size=1-gallon-3-8l,"All, Detergents","Alconox Inc.",138.6USD,in stock,wc_post_id_17464,,,1970-01-29T00:00+00:00/1970-01-30T23:59+00:00,138.6USD,new,published,,,,,,,
2055_17706,"Citrajet","Size: 55 Gallon drum (208L)",https://alconox.local/wp-content/uploads/2020/01/Citrajet-White-Back-scaled.jpg,https://alconox.local/product/citrajet?attribute_pa_size=55-gallon-drum-208l,"All, Detergents","Alconox Inc.",2685USD,out of stock,wc_post_id_17449,,,1970-01-29T00:00+00:00/1970-01-30T23:59+00:00,2685USD,new,published,,,,,,,
2030_17705,"Citrajet","Size: 30 Gallon drum (114L)",https://alconox.local/wp-content/uploads/2020/01/Citrajet-White-Back-scaled.jpg,https://alconox.local/product/citrajet?attribute_pa_size=30-gallon-drum-114l,"All, Detergents","Alconox Inc.",1546USD,out of stock,wc_post_id_17449,,,1970-01-29T00:00+00:00/1970-01-30T23:59+00:00,1546USD,new,published,,,,,,,
2001_17704,"Citrajet","Size: Case of 4 X 1 Gallon (4×3.8L)",https://alconox.local/wp-content/uploads/2020/01/Citrajet-White-Back-scaled.jpg,https://alconox.local/product/citrajet?attribute_pa_size=case-of-4-x-1-gallon-4x3-8l,"All, Detergents","Alconox Inc.",243USD,in stock,wc_post_id_17449,,,1970-01-29T00:00+00:00/1970-01-30T23:59+00:00,243USD,new,published,,,,,,,
2015_17703,"Citrajet","Size: 15 Gallon drum (57L)",https://alconox.local/wp-content/uploads/2020/01/Citrajet-White-Back-scaled.jpg,https://alconox.local/product/citrajet?attribute_pa_size=15-gallon-drum-57l,"All, Detergents","Alconox Inc.",821USD,out of stock,wc_post_id_17449,,,1970-01-29T00:00+00:00/1970-01-30T23:59+00:00,821USD,new,published,,,,,,,
2005_17702,"Citrajet","Size: 5 Gallon Jerrycan (19L)",https://alconox.local/wp-content/uploads/2020/01/Citrajet-White-Back-scaled.jpg,https://alconox.local/product/citrajet?attribute_pa_size=5-gallon-jerrycan-19l,"All, Detergents","Alconox Inc.",295USD,in stock,wc_post_id_17449,,,1970-01-29T00:00+00:00/1970-01-30T23:59+00:00,295USD,new,published,,,,,,,
2001-1_17699,"Citrajet","Size: 1 Gallon (3.8L)",https://alconox.local/wp-content/uploads/2020/01/Citrajet-White-Back-scaled.jpg,https://alconox.local/product/citrajet?attribute_pa_size=1-gallon-3-8l,"All, Detergents","Alconox Inc.",72.9USD,in stock,wc_post_id_17449,,,1970-01-29T00:00+00:00/1970-01-30T23:59+00:00,72.9USD,new,published,,,,,,,
1500_17693,"Alcotabs","Size: Case of 6X100 Tablet Bottles",https://alconox.local/wp-content/uploads/2020/01/Alcotabs-Light-back-scaled.jpg,https://alconox.local/product/alcotabs?attribute_pa_size=case-of-6x100-tablet-bottles,"All, Detergents","Alconox Inc.",217USD,in stock,wc_post_id_17460,,,1970-01-29T00:00+00:00/1970-01-30T23:59+00:00,217USD,new,published,,,,,,,
1500-1_17692,"Alcotabs","Size: 1 Bottle (100 Tablets)",https://alconox.local/wp-content/uploads/2020/01/Alcotabs-Light-back-scaled.jpg,https://alconox.local/product/alcotabs?attribute_pa_size=1-bottle-100-tablets,"All, Detergents","Alconox Inc.",43.4USD,in stock,wc_post_id_17460,,,1970-01-29T00:00+00:00/1970-01-30T23:59+00:00,43.4USD,new,published,,,,,,,
1450_17686,"Alcojet","Size: 50 lb box (22.5Kg)",https://alconox.local/wp-content/uploads/2020/01/ALCONOX1125.jpg,https://alconox.local/product/alcojet?attribute_pa_size=50-lb-box-22-5kg,"All, Detergents","Alconox Inc.",383USD,in stock,wc_post_id_17456,,"https://alconox.local/wp-content/uploads/2020/01/Alcojet-quarter-view-lightback-scaled.jpg",1970-01-29T00:00+00:00/1970-01-30T23:59+00:00,383USD,new,published,,,,,,,
1404-1_17685,"Alcojet","Size: 4 lb box (1.8Kg)",https://alconox.local/wp-content/uploads/2020/01/Alcojet-quarter-view-lightback-scaled.jpg,https://alconox.local/product/alcojet?attribute_pa_size=4-lb-box-1-8kg,"All, Detergents","Alconox Inc.",42.4USD,in stock,wc_post_id_17456,,,1970-01-29T00:00+00:00/1970-01-30T23:59+00:00,42.4USD,new,published,,,,,,,
1403_17684,"Alcojet","Size: 300 lb drum (136Kg)",https://alconox.local/wp-content/uploads/2020/01/Alcojet-quarter-view-lightback-scaled.jpg,https://alconox.local/product/alcojet?attribute_pa_size=300-lb-drum-136kg,"All, Detergents","Alconox Inc.",1931USD,out of stock,wc_post_id_17456,,,1970-01-29T00:00+00:00/1970-01-30T23:59+00:00,1931USD,new,published,,,,,,,
1425_17683,"Alcojet","Size: 25 lb box (11Kg)",https://alconox.local/wp-content/uploads/2020/01/Alcojet-quarter-view-lightback-scaled.jpg,https://alconox.local/product/alcojet?attribute_pa_size=25-lb-box-11kg,"All, Detergents","Alconox Inc.",211USD,in stock,wc_post_id_17456,,,1970-01-29T00:00+00:00/1970-01-30T23:59+00:00,211USD,new,published,,,,,,,
1401_17682,"Alcojet","Size: 100 lb drum (45Kg)",https://alconox.local/wp-content/uploads/2020/01/Alcojet-quarter-view-lightback-scaled.jpg,https://alconox.local/product/alcojet?attribute_pa_size=100-lb-drum-45kg,"All, Detergents","Alconox Inc.",707USD,in stock,wc_post_id_17456,,,1970-01-29T00:00+00:00/1970-01-30T23:59+00:00,707USD,new,published,,,,,,,
1112_17676,"Alconox","Size: Case of 12 Dispenser Boxes (50x1/2oz packets (12x50x15g))",https://alconox.local/wp-content/uploads/2020/01/Alconox-quarter-view-lightback-scaled-e1582069203787.jpg,https://alconox.local/product/alconox?attribute_pa_size=case-of-12x50x1-2-oz-packets-12x50x15g,"All, Detergents","Alconox Inc.",1051USD,in stock,wc_post_id_17439,,,1970-01-29T00:00+00:00/1970-01-30T23:59+00:00,1051USD,new,published,,,,,,,
1112-1_17675,"Alconox","Size: Dispenser Box of 50×1/2 oz packs (50x15g)",https://alconox.local/wp-content/uploads/2020/01/Alconox-quarter-view-lightback-scaled-e1582069203787.jpg,https://alconox.local/product/alconox?attribute_pa_size=dispenser-box-of-50x1-2-oz-packs-50x15g,"All, Detergents","Alconox Inc.",105.1USD,in stock,wc_post_id_17439,,,1970-01-29T00:00+00:00/1970-01-30T23:59+00:00,105.1USD,new,published,,,,,,,
1103_17674,"Alconox","Size: 300 lb drum (136Kg)",https://alconox.local/wp-content/uploads/2020/01/Alconox-quarter-view-lightback-scaled-e1582069203787.jpg,https://alconox.local/product/alconox?attribute_pa_size=300-lb-drum-136kg,"All, Detergents","Alconox Inc.",2086USD,out of stock,wc_post_id_17439,,,1970-01-29T00:00+00:00/1970-01-30T23:59+00:00,2086USD,new,published,,,,,,,
1101_17673,"Alconox","Size: 100 lb drum (45Kg)",https://alconox.local/wp-content/uploads/2020/01/Alconox-quarter-view-lightback-scaled-e1582069203787.jpg,https://alconox.local/product/alconox?attribute_pa_size=100-lb-drum-45kg,"All, Detergents","Alconox Inc.",793USD,in stock,wc_post_id_17439,,,1970-01-29T00:00+00:00/1970-01-30T23:59+00:00,793USD,new,published,,,,,,,
1150_17672,"Alconox","Size: 50 lb box (22.5Kg)",https://alconox.local/wp-content/uploads/2020/01/Alconox-quarter-view-lightback-scaled-e1582069203787.jpg,https://alconox.local/product/alconox?attribute_pa_size=50-lb-box-22-5kg,"All, Detergents","Alconox Inc.",451USD,in stock,wc_post_id_17439,,,1970-01-29T00:00+00:00/1970-01-30T23:59+00:00,451USD,new,published,,,,,,,
1125_17613,"Alconox","Size: 25 lb box (11Kg)",https://alconox.local/wp-content/uploads/2020/01/Alconox-quarter-view-lightback-scaled-e1582069203787.jpg,https://alconox.local/product/alconox?attribute_pa_size=25-lb-box-11kg,"All, Detergents","Alconox Inc.",241USD,in stock,wc_post_id_17439,,,1970-01-29T00:00+00:00/1970-01-30T23:59+00:00,241USD,new,published,,,,,,,
1104_17612,"Alconox","Size: Case of 9×4 lb box (9X1.8Kg)",https://alconox.local/wp-content/uploads/2020/01/Alconox-quarter-view-lightback-scaled-e1582069203787.jpg,https://alconox.local/product/alconox?attribute_pa_size=case-of-9x4-lb-box-9x1-8kg,"All, Detergents","Alconox Inc.",354USD,in stock,wc_post_id_17439,,,1970-01-29T00:00+00:00/1970-01-30T23:59+00:00,354USD,new,published,,,,,,,
1104-1_17610,"Alconox","Size: 4 lb box (1.8Kg)",https://alconox.local/wp-content/uploads/2020/01/Alconox-quarter-view-lightback-scaled-e1582069203787.jpg,https://alconox.local/product/alconox?attribute_pa_size=4-lb-box-1-8kg,"All, Detergents","Alconox Inc.",47.2USD,in stock,wc_post_id_17439,,,1970-01-29T00:00+00:00/1970-01-30T23:59+00:00,47.2USD,new,published,,,,,,,
